Nº;Participante;Status da instalação;Data do retorno;Observações
1;Almeida, Rinaldo Ferreira de;;;
2;Araujo, Luiz B.;;;
3;Barreto, Nathalia Fernandes;;;
4;De Carvalho, Gilmar;;;
5;De Oliveira Junior, Joao Mendes De Oliveira;;;
6;Duarte, Daisy;;;
7;Gago, Paula Villanova;;;
8;Garcia, Elisangela;;;
9;Graia, Ricardo Alves;;;
10;Inacio, Aldilene Luiz;;;
11;Lepek, Patricia;;;
12;Lima, Veronica Santos;;;
13;Lisboa de Moraes, Roberta Lisboa De;;;
14;Lopes, Jaqueline F.;;;
15;Lucio, Danila C.;;;
16;Marchetti, Carolina;;;
17;Nascimento, Andressa;;;
18;Nascimento, Fernanda;;;
19;Neves, Lilian de O.;;;
20;Nunes, Camila Nobrega;;;
21;Petta, Juliana Di;;;
22;Reginaldo Souza, Jose;;;
23;Ribeiro, Karina;;;
24;Sakamuta, Diego S.;;;
25;Santos, Wellington B.;;;
26;Silva, Bruna Suna da;;;
27;Silva, Caroline C.;;;
28;Silva, Juliana F.;;;
29;Silva, Lara Camilla Felix da;;;
30;Souza, Ana De;;;
31;Teixeira, Aline;;;
32;Toshio, Carlos;;;
33;Trindade, Decio P.;;;
34;Vasconcelos, Flaviana Hodge Oliveira De;;;
35;Yonetsuka, Daniel R.;;;
